Name,Address
Baycrest Health Sciences,"3560 Bathurst St, Toronto, ON"
Bellwood Health Services,"175 Brentcliffe Rd, Toronto, ON"
Bridgepoint Active Healthcare,"1 Bridgepoint Dr, Toronto, ON"
Casey House,"119 Isabella St, Toronto, ON"
Centre for Addiction and Mental Health,"1001 Queen St W, Toronto, ON"
Centre for Addiction and Mental Health,"250 College St, Toronto, ON"
Centre for Addiction and Mental Health,"33 Russell St, Toronto, ON"
Centric Health Surgical Centre Toronto,"20 Wynford Dr, Toronto, ON"
Etobicoke General Hospital,"101 Humber College Blvd, Toronto, ON"
Holland Bloorview Kids Rehabilitation Hospital,"150 Kilgour Rd, Toronto, ON"
Hospital for Sick Children,"555 University Ave, Toronto, ON"
Humber River Hospital,"1235 Wilson Ave, Toronto, ON"
Michael Garron Hospital,"825 Coxwell Ave, Toronto, ON"
Mount Sinai Hospital,"600 University Ave, Toronto, ON"
North York General Hospital,"4001 Leslie St, Toronto, ON"
Branson Ambulatory Care Centre,"555 Finch Ave W, Toronto, ON"
Seniors' Health Centre,"2 Buchan Ct, Toronto, ON"
Princess Margaret Cancer Centre,"610 University Ave, Toronto, ON"
Providence Healthcare,"3276 St Clair Ave E, Toronto, ON"
Queensway Health Centre,"150 Sherway Dr, Toronto, ON"
Centenary Hospital,"2867 Ellesmere Rd, Toronto, ON"
Runnymede Healthcare Centre,"625 Runnymede Rd, Toronto, ON"
Scarborough General Hospital,"3050 Lawrence Ave E, Toronto, ON"
Birchmount Hospital,"3030 Birchmount Rd, Toronto, ON"
St. Joseph's Health Centre,"30 The Queensway, Toronto, ON"
St. Michael's Hospital,"30 Bond St, Toronto, ON"
Sunnybrook Health Sciences Centre,"2075 Bayview Ave, Toronto, ON"
Sunnybrook Holland Centre,"43 Wellesley St E, Toronto, ON"
St. John's Rehab Hospital,"285 Cummer Ave, Toronto, ON"
Toronto General Hospital,"200 Elizabeth St, Toronto, ON"
Toronto Grace Health Centre,"650 Church St, Toronto, ON"
Toronto Rehabilitation Institute,"550 University Ave, Toronto, ON"
Bickle Centre,"130 Dunn Ave, Toronto, ON"
Lakeside Centre,"150 Dunn Ave, Toronto, ON"
Lyndhust Centre,"520 Sutherland Dr, Toronto, ON"
Rumsey Centre,"347 Rumsey Rd, Toronto, ON"
Toronto Western Hospital,"399 Bathurst St, Toronto, ON"
West Park Healthcare Centre,"82 Buttonwood Ave, Toronto, ON"
Women's College Hospital,"76 Grenville St, Toronto, ON"
